VOUCHER_ID;SPECIES;LOCALITY;STATE;LONGITUDE;LATITUDE
BMNH_5.4.16.4;pattoni;Monte São Francisco, Jacarepaguá, Rio de Janeiro;Rio de Janeiro;-43,350000;-22,916667
FMNH_93045;nigrispinus;Barra do Rio Juquiá;São Paulo;-47,816667;-24,366667
MBML_226;pattoni;Reserva Biológica de Duas Bocas, Cariacica;Espírito Santo;-40,466667;-20,283333
MBML_1856;pattoni;Povoação, Linhares;Espírito Santo;-39,816666;-19,616667
MNRJ_6443;nigrispinus;Teresópolis;Rio de Janeiro;-42,983334;-22,433332
MNRJ_11253;pattoni;Fazenda Almada, Ilhéus;Bahia;-39,190278;-14,660000
MNRJ_33515;pattoni;Itabuna;Bahia;-39,266666;-14,800000
MNRJ_42978;pattoni;Fazenda União, Casimiro de Abreu;Rio de Janeiro;-42,200001;-22,483334
MZUSP_138;pattoni;Piquete;São Paulo;-45,183334;-22,600000
MZUSP_10311;nigrispinus;Interlagos, São Paulo;São Paulo;-46,700000;-23,716667
MZUSP_25863;nigrispinus;Barra de Icapara;São Paulo;-47,466667;-24,683332
UFV_696;pattoni;Mata Paraíso, Viçosa;Minas Gerais;-42,858889;-20,805000
NMW_B 918;nigrispinus;Floresta Nacional de Ipanema, 20 km NW Sorocaba;São Paulo;-47,628056;-23,435278
B_48;nigrispinus;Sítio Ruth, Reserva Florestal do Morro Grande, Cotia;São Paulo;-46,994950;-23,678802
MBML_2203;pattoni;Manguezal de Vitória, próximo ao bairro Maria Ortiz, Vitória, ES;Espírito Santo;-40,302778;-20,221000
UFSC_4849;nigrispinus;Morro do Caçador, Vargem do Bom Jesus, Ilha de Santa Catarina;Santa Catarina;-48,426389;-27,463333
DL_19;pattoni;Garrafão;Rio de Janeiro;-42,993333;-22,474444
UFES_2461;pattoni;Fazenda Sapucaia, Bananal do Sul, Linhares;Espírito Santo;-39,981581;-19,531292
BOCA_299;nigrispinus;Parque Nacional da Serra da Bocaina - RJ-165, Paraty, Rio de Janeiro, Area 1;Rio de Janeiro;-44,837222;-23,189722
FURB_6257;nigrispinus;Usina Hidrelétrica de Itá, Itá, Santa Catarina;Santa Catarina;-52,369081;-27,281522
